"Tweet id","Tweet permalink","Tweet text","time","impressions","engagements","engagement rate","retweets","replies","likes","user profile clicks","url clicks","hashtag clicks","detail expands","permalink clicks","app opens","app installs","follows","email tweet","dial phone","media views","media engagements","promoted impressions","promoted engagements","promoted engagement rate","promoted retweets","promoted replies","promoted likes","promoted user profile clicks","promoted url clicks","promoted hashtag clicks","promoted detail expands","promoted permalink clicks","promoted app opens","promoted app installs","promoted follows","promoted email tweet","promoted dial phone","promoted media views","promoted media engagements"
"1038071639064420352","https://twitter.com/salahhegazi96/status/1038071639064420352","Ù‡Ù‚Ø±Ø± Ù†Ø¬Ø§Ø­Ùƒ ÙÙŠ Ø§Ù„Ø§Ø®ØªØ¨Ø§Ø± Ù…Ù† Ø¹Ø¯Ù…Ù‡ Ø§Ù„Ù†Ù‡Ø§Ø±Ø¯Ù‡ ÙŠØ§ Ù…Ø³ØªØ± Ø­Ù…Ø²Ø© Ø³Ø®Ø§Ù†ğŸ‘ https://t.co/iblpX6nQWL","2018-09-07 14:28 +0000","81.0","1.0","0.012345679012345678","0.0","1.0","0.0","0.0","0.0","0.0","0.0","0.0","0","0","0","0","0","0","0","-","-","-","-","-","-","-","-","-","-","-","-","-","-","-","-","-","-"
"1037798229688111104","https://twitter.com/salahhegazi96/status/1037798229688111104","Ø§Ù„ÙˆØ§Ø­Ø¯ Ù„Ùˆ Ø®Ù„Ù Ø¹ÙŠÙ„ Ù‡ÙŠØ³Ù…ÙŠÙ‡ Ø£Ø³Ø±Ø¹ Ù…Ø§ Ø¨ÙŠØ³Ù…ÙŠ Ø§Ù„Ù…ØªØºÙŠØ±Ø§Øª ÙÙŠ Ø§Ù„ÙƒÙˆØ¯ğŸ˜‚","2018-09-06 20:22 +0000","76.0","3.0","0.039473684210526314","0.0","0.0","2.0","1.0","0.0","0.0","0.0","0.0","0","0","0","0","0","0","0","-","-","-","-","-","-","-","-","-","-","-","-","-","-","-","-","-","-"
"1037730089813913601","https://twitter.com/salahhegazi96/status/1037730089813913601","@NOUR_ELBANA ğŸ˜¢ğŸ‘","2018-09-06 15:51 +0000","32.0","0.0","0.0","0.0","0.0","0.0","0.0","0.0","0.0","0.0","0.0","0","0","0","0","0","0","0","-","-","-","-","-","-","-","-","-","-","-","-","-","-","-","-","-","-"
"1037661859938283520","https://twitter.com/salahhegazi96/status/1037661859938283520","@NOUR_ELBANA Ø®Ù„ÙˆØ§ Ø¨Ø§Ù„ÙƒÙ… Ù…Ù† Ù…ØµØ± ÙŠØ§ ÙˆÙ„Ø§Ø¯!","2018-09-06 11:20 +0000","80.0","3.0","0.0375","0.0","1.0","1.0","0.0","0.0","0.0","1.0","0.0","0","0","0","0","0","0","0","-","-","-","-","-","-","-","-","-","-","-","-","-","-","-","-","-","-"
"1037661513903951873","https://twitter.com/salahhegazi96/status/1037661513903951873","@Eslam_geddawy Ø­Ø§ÙØ¸ Ù…ÙƒØ§Ù† Ø§Ù„Ø¨Ø±ÙˆÙØ§ÙŠÙ„ ÙŠØ¨Ø´Ù‡Ù‡Ù‡Ù‡Ø©.","2018-09-06 11:19 +0000","42.0","1.0","0.023809523809523808","0.0","0.0","1.0","0.0","0.0","0.0","0.0","0.0","0","0","0","0","0","0","0","-","-","-","-","-","-","-","-","-","-","-","-","-","-","-","-","-","-"
"1037660975321759746","https://twitter.com/salahhegazi96/status/1037660975321759746","@Eslam_geddawy ØªØ­Øª Ø£Ù…Ø±Ùƒ ÙŠØ¨Ø´Ù‡Ù‡Ù‡Ù‡Ù‡Ù‡.","2018-09-06 11:17 +0000","34.0","2.0","0.058823529411764705","0.0","1.0","1.0","0.0","0.0","0.0","0.0","0.0","0","0","0","0","0","0","0","-","-","-","-","-","-","-","-","-","-","-","-","-","-","-","-","-","-"
"1037660346532683776","https://twitter.com/salahhegazi96/status/1037660346532683776","@Eslam_geddawy Ø§Ù„Ø­ÙŠØ§Ø© Ø§Ù„Ø¹Ø³ÙƒØ±ÙŠØ© ØºÙŠØ±ØªÙƒÙ… Ø£Ù‚Ø³Ù… Ø¨Ø§Ù„Ù„Ù‡.","2018-09-06 11:14 +0000","40.0","3.0","0.075","0.0","1.0","1.0","0.0","0.0","0.0","1.0","0.0","0","0","0","0","0","0","0","-","-","-","-","-","-","-","-","-","-","-","-","-","-","-","-","-","-"
"1037383744829751296","https://twitter.com/salahhegazi96/status/1037383744829751296","Ø­Ù…Ø²Ø© Ø§Ù„Ø·ÙˆÙŠÙ„ Ø¨Ø³ğŸ’”","2018-09-05 16:55 +0000","66.0","0.0","0.0","0.0","0.0","0.0","0.0","0.0","0.0","0.0","0.0","0","0","0","0","0","0","0","-","-","-","-","-","-","-","-","-","-","-","-","-","-","-","-","-","-"
"1037383502642196480","https://twitter.com/salahhegazi96/status/1037383502642196480","Ø­Ù…Ø²Ø© Ø§Ù„Ø·ÙˆÙŠÙ„ Ø£ÙˆÙŠâ¤ï¸","2018-09-05 16:54 +0000","86.0","1.0","0.011627906976744186","0.0","1.0","0.0","0.0","0.0","0.0","0.0","0.0","0","0","0","0","0","0","0","-","-","-","-","-","-","-","-","-","-","-","-","-","-","-","-","-","-"
"1037383340662431745","https://twitter.com/salahhegazi96/status/1037383340662431745","Ù…Ø´ Ù‚Ø´Ø·Ø© Ù‚Ø´Ø·Ø©ğŸ˜¢","2018-09-05 16:53 +0000","95.0","1.0","0.010526315789473684","0.0","1.0","0.0","0.0","0.0","0.0","0.0","0.0","0","0","0","0","0","0","0","-","-","-","-","-","-","-","-","-","-","-","-","-","-","-","-","-","-"
"1037278575928467457","https://twitter.com/salahhegazi96/status/1037278575928467457","@H_abd_el_latif Ø¹Ø§Ø´ ÙŠØ§Ø³Ø·Ù‰.","2018-09-05 09:57 +0000","76.0","2.0","0.02631578947368421","0.0","1.0","1.0","0.0","0.0","0.0","0.0","0.0","0","0","0","0","0","0","0","-","-","-","-","-","-","-","-","-","-","-","-","-","-","-","-","-","-"
"1036658170637287424","https://twitter.com/salahhegazi96/status/1036658170637287424","@_Mhamza0 @m7md_7mza Ù…Ù† Ø§Ù„Ø¸Ù„Ù… Ø¥Ù†Ù†Ø§ Ù†Ù‚Ø§Ø±Ù†Ùƒ Ø¨Ø¨Ø§Ù‚ÙŠ Ø§Ù„Ù†Ø§Ø³ØŒ ÙƒØ¯Ù‡ Ù‡Ù†Ø¸Ù„Ù… Ø¨Ø§Ù‚ÙŠ Ø§Ù„Ù†Ø§Ø³ ÙŠØ§ Ø­Ù…Ø²Ø©.","2018-09-03 16:52 +0000","53.0","7.0","0.1320754716981132","0.0","1.0","0.0","0.0","0.0","0.0","6.0","0.0","0","0","0","0","0","0","0","-","-","-","-","-","-","-","-","-","-","-","-","-","-","-","-","-","-"
"1036656450456772613","https://twitter.com/salahhegazi96/status/1036656450456772613","@_Mhamza0 @m7md_7mza ÙŠØ§ Ø¹Ù… Ø­Ø±Ø§Ù… Ø¹Ù„ÙŠÙƒØŒ Ø§Ù„Ø±Ø§Ø¬Ù„ Ø¨Ù‚Ø§Ù„Ù‡ ÙŠÙˆÙ…ÙŠÙ† Ø´ØºØ§Ù„ØŒ Ø¹Ø§ÙŠØ²Ø© ÙŠÙ‚ÙˆÙ„Ù‡Ù… Ø£Ù†Ø§ Ù…Ø´ Ø¬Ø§ÙŠ ÙˆÙ‡Ø´ØªØºÙ„ Ù…Ù† Ø§Ù„Ø¨ÙŠØª!","2018-09-03 16:45 +0000","42.0","3.0","0.07142857142857142","0.0","1.0","0.0","0.0","0.0","0.0","2.0","0.0","0","0","0","0","0","0","0","-","-","-","-","-","-","-","-","-","-","-","-","-","-","-","-","-","-"
"1036653475101331456","https://twitter.com/salahhegazi96/status/1036653475101331456","@m7md_7mza @_Mhamza0 ğŸ˜‚ğŸ˜‚ğŸ˜‚ğŸ˜‚","2018-09-03 16:33 +0000","54.0","2.0","0.037037037037037035","0.0","0.0","0.0","0.0","0.0","0.0","2.0","0.0","0","0","0","0","0","0","0","-","-","-","-","-","-","-","-","-","-","-","-","-","-","-","-","-","-"
"1036653009181319168","https://twitter.com/salahhegazi96/status/1036653009181319168","@m7md_7mza @_Mhamza0 Ø§ØªÙØ¶Ù„ ÙŠØ§ Ø³ÙŠØ¯ÙŠ! Ø´Ø¨Ø§Ø¨ Ø§Ù„Ù…Ø¹Ø§Ø¯ÙŠ Ø§Ù„Ù„ÙŠ Ù„Ù…Ø§ ÙŠØ¹ØªÙ…Ø¯ÙˆØ§ Ø¹Ù„Ù‰ Ù†ÙØ³Ù‡Ù… Ø¨ÙŠØªØµØ±ÙÙˆØ§ ØºÙ„Ø·.","2018-09-03 16:31 +0000","116.0","8.0","0.06896551724137931","0.0","1.0","1.0","0.0","0.0","0.0","6.0","0.0","0","0","0","0","0","0","0","-","-","-","-","-","-","-","-","-","-","-","-","-","-","-","-","-","-"
"1036652410972905472","https://twitter.com/salahhegazi96/status/1036652410972905472","@m7md_7mza ğŸ˜‚ğŸ˜‚ğŸ˜‚ğŸ˜‚","2018-09-03 16:29 +0000","50.0","0.0","0.0","0.0","0.0","0.0","0.0","0.0","0.0","0.0","0.0","0","0","0","0","0","0","0","-","-","-","-","-","-","-","-","-","-","-","-","-","-","-","-","-","-"
"1036652200301342722","https://twitter.com/salahhegazi96/status/1036652200301342722","@m7md_7mza Ø±ÙƒØ¨Øª Ù…ØªØ±Ùˆ ØºÙ„Ø·!ğŸ˜‚ğŸ˜‚ğŸ˜‚ğŸ˜‚","2018-09-03 16:28 +0000","74.0","1.0","0.013513513513513514","0.0","1.0","0.0","0.0","0.0","0.0","0.0","0.0","0","0","0","0","0","0","0","-","-","-","-","-","-","-","-","-","-","-","-","-","-","-","-","-","-"
"1036652004158910465","https://twitter.com/salahhegazi96/status/1036652004158910465","@m7md_7mza Ù„Ùˆ Ø±Ø§Ø¬Ù„ Ø§ÙƒØªØ¨Ù‡Ø§!","2018-09-03 16:27 +0000","45.0","1.0","0.022222222222222223","0.0","1.0","0.0","0.0","0.0","0.0","0.0","0.0","0","0","0","0","0","0","0","-","-","-","-","-","-","-","-","-","-","-","-","-","-","-","-","-","-"
"1036651846008549384","https://twitter.com/salahhegazi96/status/1036651846008549384","@_Mhamza0 @m7md_7mza Ø£Ø®ÙˆÙ†Ø§ Ø§Ù„ØºØ§Ù„ÙŠâ¤ï¸ ÙÙŠ Ø§Ù„Ø§Ù†ØªØ¸Ø§Ø± ÙŠØ§Ø³Ø·Ù‰â¤ï¸â¤ï¸â¤ï¸","2018-09-03 16:27 +0000","62.0","2.0","0.03225806451612903","0.0","1.0","0.0","0.0","0.0","0.0","1.0","0.0","0","0","0","0","0","0","0","-","-","-","-","-","-","-","-","-","-","-","-","-","-","-","-","-","-"
"1036650755019730945","https://twitter.com/salahhegazi96/status/1036650755019730945","@_Mhamza0 @m7md_7mza Ø£ÙƒØ´ÙˆØ§Ù„ÙŠ Ù„Ø³Ù‡ Ù‚Ø§ÙŠÙ„Ù‡ ÙƒØ¯Ù‡ Ù…Ù† Ø´ÙˆÙŠØ© Ø¹Ù„Ù‰ Ù…Ø§Ø³Ù†Ø¬Ø±. ÙˆÙƒÙ…Ø§Ù† Ø¶Ø±Ø¨Øª Ø¨ÙŠÙƒ Ø§Ù„Ù…Ø«Ù„ ÙÙŠ Ø§Ù„ÙˆÙØ§Ø¡ ÙˆÙØ¶Ù„Øª Ø£Ø´ÙƒØ± ÙÙŠÙƒ.","2018-09-03 16:22 +0000","62.0","2.0","0.03225806451612903","0.0","1.0","0.0","0.0","0.0","0.0","1.0","0.0","0","0","0","0","0","0","0","-","-","-","-","-","-","-","-","-","-","-","-","-","-","-","-","-","-"
"1036650473305120768","https://twitter.com/salahhegazi96/status/1036650473305120768","@m7md_7mza Ø£Ù†Ø§ ÙƒØ¯Ù‡ Ø£Ø·Ù…Ù†Øª Ø¹Ù„ÙŠÙƒ. Ø£Ù†Øª ÙƒÙ†Øª Ø¨ØªØ¶ÙŠØ¹ Ù…Ù†Ù†Ø§.","2018-09-03 16:21 +0000","39.0","1.0","0.02564102564102564","0.0","1.0","0.0","0.0","0.0","0.0","0.0","0.0","0","0","0","0","0","0","0","-","-","-","-","-","-","-","-","-","-","-","-","-","-","-","-","-","-"
"1036649983280328704","https://twitter.com/salahhegazi96/status/1036649983280328704","@m7md_7mza ğŸ˜¢ğŸ‘","2018-09-03 16:19 +0000","35.0","0.0","0.0","0.0","0.0","0.0","0.0","0.0","0.0","0.0","0.0","0","0","0","0","0","0","0","-","-","-","-","-","-","-","-","-","-","-","-","-","-","-","-","-","-"
"1036646866958606336","https://twitter.com/salahhegazi96/status/1036646866958606336","@m7md_7mza Ø¬Ù‡Ø² Ø§Ù„Ø¬Ù†ÙŠÙ‡ Ø¹Ù„Ø´Ø§Ù† Ù‡Ø§Ø®Ø¯Ù‡ Ù…Ù†Ùƒ Ø§Ù„Ø¬Ù„Ø³Ø© Ø§Ù„Ø¬Ø§ÙŠØ©.","2018-09-03 16:07 +0000","90.0","2.0","0.022222222222222223","0.0","2.0","0.0","0.0","0.0","0.0","0.0","0.0","0","0","0","0","0","0","0","-","-","-","-","-","-","-","-","-","-","-","-","-","-","-","-","-","-"
"1036626647968083968","https://twitter.com/salahhegazi96/status/1036626647968083968","@m7md_7mza Ø·Ø¨ Ø£Ù†Ø§ ÙƒÙ†Øª Ù‡Ø¬ÙŠØ¨Ù„Ùƒ Ø³Ø¨Ø±ØªØ§ÙŠØ© ÙÙŠ Ø¹ÙŠØ¯ Ù…ÙŠÙ„Ø§Ø¯ÙƒØŒ Ø¨Ø³ Ø·Ø§Ù„Ù…Ø§ Ù…Ø´ Ù‡ØªØ¹Ø¬Ø¨Ùƒ ÙØºÙŠØ±Øª Ø±Ø¢ÙŠÙŠ.","2018-09-03 14:47 +0000","152.0","1.0","0.006578947368421052","0.0","1.0","0.0","0.0","0.0","0.0","0.0","0.0","0","0","0","0","0","0","0","-","-","-","-","-","-","-","-","-","-","-","-","-","-","-","-","-","-"
"1036625845333499904","https://twitter.com/salahhegazi96/status/1036625845333499904","@NOUR_ELBANA @m7md_7mza Ø£Ø®ÙŠ Ù†ÙˆØ±! Ø£Ù†Ø§ Ù„Ø§ Ø£Ø¹ØªØ±Ø¶ØŒ Ø¥Ù†Ù…Ø§ Ø£ØªÙƒÙ„Ù… Ø¹Ù„Ù‰ Ù…ØªØ¹Ø© Ø§Ù„ÙØ¹Ù„ Ø°Ø§ØªÙ‡ (Ø¹Ù…Ù„ Ø§Ù„Ù‚Ù‡ÙˆØ©.)","2018-09-03 14:43 +0000","92.0","1.0","0.010869565217391304","0.0","1.0","0.0","0.0","0.0","0.0","0.0","0.0","0","0","0","0","0","0","0","-","-","-","-","-","-","-","-","-","-","-","-","-","-","-","-","-","-"
"1036624091468509186","https://twitter.com/salahhegazi96/status/1036624091468509186","@m7md_7mza Ù„Ø£ ÙŠØ§Ø³Ø·Ù‰ Ø§Ù†Ø§ Ø¨ÙˆØ§ÙÙ‚Ùƒ. Ø¨Ø³ ÙÙŠÙ† Ù…ØªØ¹Ø© Ø§Ù„Ù‚Ù‡ÙˆØ© Ù„Ù…Ø§ ØªØªØ¹Ù…Ù„ Ø¹Ù„Ù‰ Ø­Ø§Ø¬Ø© ØºÙŠØ± Ø§Ù„Ø³Ø¨Ø±ØªØ§ÙŠØ©!","2018-09-03 14:36 +0000","233.0","3.0","0.012875536480686695","0.0","2.0","0.0","0.0","0.0","0.0","1.0","0.0","0","0","0","0","0","0","0","-","-","-","-","-","-","-","-","-","-","-","-","-","-","-","-","-","-"
"1036609976591179776","https://twitter.com/salahhegazi96/status/1036609976591179776","@_Mhamza0 Ù…Ø«Ù„Ù‹Ø§!","2018-09-03 13:40 +0000","35.0","2.0","0.05714285714285714","0.0","0.0","0.0","0.0","0.0","0.0","2.0","0.0","0","0","0","0","0","0","0","-","-","-","-","-","-","-","-","-","-","-","-","-","-","-","-","-","-"
"1036595090939170816","https://twitter.com/salahhegazi96/status/1036595090939170816","@_Mhamza0 Ø®Ù„ÙŠÙ‡Ù… ÙŠØ´ØªØ±ÙˆÙ„Ùƒ ÙˆØ§Ø­Ø¯ ÙŠØ§Ø³Ø·Ù‰ ÙˆÙ„Ø§ ÙŠÙ‡Ù…ÙƒğŸ‘","2018-09-03 12:41 +0000","32.0","3.0","0.09375","0.0","1.0","0.0","0.0","0.0","0.0","2.0","0.0","0","0","0","0","0","0","0","-","-","-","-","-","-","-","-","-","-","-","-","-","-","-","-","-","-"
"1036591204970975233","https://twitter.com/salahhegazi96/status/1036591204970975233","@_Mhamza0 ÙŠØ§ Ø£Ø®ÙŠ ÙˆØ§Ù„Ù„Ù‡ Ø£Ù†Ø§ Ø­Ø§Ø³Ø³ Ø¥Ù† Ø§Ù„Ø´Ø±ÙƒØ© Ø¯ÙŠ Ø¨ØªØ§Ø¹Øª Ø£Ø¨ÙˆÙƒØŒ Ø¨Ø³ Ø£Ù†Øª Ù…Ø´ ÙˆØ§Ø®Ø¯ Ø¨Ø§Ù„ÙƒØŒ Ø£Ùˆ Ø£Ø¨ÙˆÙƒ Ù…Ø®Ø¨ÙŠ Ø¹Ù„ÙŠÙƒğŸ˜‚","2018-09-03 12:26 +0000","45.0","3.0","0.06666666666666667","0.0","1.0","0.0","0.0","0.0","0.0","2.0","0.0","0","0","0","0","0","0","0","-","-","-","-","-","-","-","-","-","-","-","-","-","-","-","-","-","-"
"1036374278256713729","https://twitter.com/salahhegazi96/status/1036374278256713729","@_Mhamza0 @sayedelmohamady ğŸ˜¢","2018-09-02 22:04 +0000","55.0","1.0","0.01818181818181818","0.0","0.0","0.0","0.0","0.0","0.0","1.0","0.0","0","0","0","0","0","0","0","-","-","-","-","-","-","-","-","-","-","-","-","-","-","-","-","-","-"
"1036311080958603267","https://twitter.com/salahhegazi96/status/1036311080958603267","@moh_moh266 Ø§Ø´Ø·Ø§","2018-09-02 17:53 +0000","10.0","1.0","0.1","0.0","0.0","0.0","1.0","0.0","0.0","0.0","0.0","0","0","0","0","0","0","0","-","-","-","-","-","-","-","-","-","-","-","-","-","-","-","-","-","-"
"1036310728234479619","https://twitter.com/salahhegazi96/status/1036310728234479619","Ù…ÙŠØ³ÙŠ ÙŠØªØ³Ø§ÙˆÙ‰ ÙÙŠ Ø§Ù„Ø£Ù‡Ø¯Ø§Ù Ù…Ø¹ Ø§Ù„Ø£Ø³Ø·ÙˆØ±Ø© Ø¨Ù†Ø²ÙŠÙ…Ø§.","2018-09-02 17:51 +0000","136.0","0.0","0.0","0.0","0.0","0.0","0.0","0.0","0.0","0.0","0.0","0","0","0","0","0","0","0","-","-","-","-","-","-","-","-","-","-","-","-","-","-","-","-","-","-"
"1036310353204989952","https://twitter.com/salahhegazi96/status/1036310353204989952","@moh_moh266 ØªÙ‚Ø±ÙŠØ¨Ø§ ÙÙŠÙ‡ Ø£ÙƒØªØ± Ù…Ù† Ù…ÙˆÙ‚Ø¹ Ø¨Ù†ÙØ³ Ø§Ù„Ø§Ø³Ù…. Ù„Ùˆ Ù…Ø¹Ø§Ùƒ Ø§Ù„Ù„ÙŠÙ†Ùƒ Ø¨ØªØ§Ø¹Ù‡ Ø§Ø¨Ø¹ØªÙ‡!","2018-09-02 17:50 +0000","18.0","6.0","0.3333333333333333","0.0","2.0","0.0","0.0","0.0","0.0","4.0","0.0","0","0","0","0","0","0","0","-","-","-","-","-","-","-","-","-","-","-","-","-","-","-","-","-","-"
"1036309820213739521","https://twitter.com/salahhegazi96/status/1036309820213739521","@moh_moh266 Ø¨ØªÙØ±Ø¬ Ù…Ù† Ø¹Ù„Ù‰ ÙƒÙˆØ±Ø§ Ø£ÙˆÙ†Ù„Ø§ÙŠÙ† ÙˆÙ‚Ø§Ø±ÙÙ†ÙŠ Ø§Ù„ØµØ±Ø§Ø­Ø©. Ù‡Ø´ÙˆÙ Ø­Ø§Ø¬Ø© ØªØ§Ù†ÙŠØ© Ø¨Ù‚Ù‰.","2018-09-02 17:48 +0000","32.0","3.0","0.09375","0.0","1.0","0.0","0.0","0.0","0.0","2.0","0.0","0","0","0","0","0","0","0","-","-","-","-","-","-","-","-","-","-","-","-","-","-","-","-","-","-"
"1036309200614371328","https://twitter.com/salahhegazi96/status/1036309200614371328","@moh_moh266 Ø¨ØªØªÙØ±Ø¬ Ù…Ù† Ø¹Ù„Ù‰ Ø£ÙŠÙ‡ØŸ","2018-09-02 17:45 +0000","43.0","4.0","0.09302325581395349","0.0","1.0","1.0","0.0","0.0","0.0","2.0","0.0","0","0","0","0","0","0","0","-","-","-","-","-","-","-","-","-","-","-","-","-","-","-","-","-","-"
"1036295160257306625","https://twitter.com/salahhegazi96/status/1036295160257306625","Ù„ÙŠÙˆÙˆÙˆÙˆÙˆÙˆÙˆÙˆÙˆâš½ï¸âš½ï¸","2018-09-02 16:49 +0000","131.0","1.0","0.007633587786259542","0.0","0.0","1.0","0.0","0.0","0.0","0.0","0.0","0","0","0","0","0","0","0","-","-","-","-","-","-","-","-","-","-","-","-","-","-","-","-","-","-"
"1035912882385510400","https://twitter.com/salahhegazi96/status/1035912882385510400","-Ø¯Ø§ Ø¹Ù„Ù… Ù†ÙØ³.
*Ù„Ø£ Ø¯Ø§ Ø¹Ù„Ù… Ø§Ø¬ØªÙ…Ø§Ø¹.

Taken by: @OsamaNasr___ https://t.co/wSriXCAAOz","2018-09-01 15:30 +0000","364.0","130.0","0.35714285714285715","0.0","0.0","3.0","1.0","0.0","0.0","4.0","0.0","0","0","0","0","0","150","122","-","-","-","-","-","-","-","-","-","-","-","-","-","-","-","-","-","-"
"1035851114900541440","https://twitter.com/salahhegazi96/status/1035851114900541440","@_Mhamza0 ğŸ‘","2018-09-01 11:25 +0000","49.0","0.0","0.0","0.0","0.0","0.0","0.0","0.0","0.0","0.0","0.0","0","0","0","0","0","0","0","-","-","-","-","-","-","-","-","-","-","-","-","-","-","-","-","-","-"
"1035850989654433792","https://twitter.com/salahhegazi96/status/1035850989654433792","@_Mhamza0 ğŸ˜¢","2018-09-01 11:24 +0000","43.0","0.0","0.0","0.0","0.0","0.0","0.0","0.0","0.0","0.0","0.0","0","0","0","0","0","0","0","-","-","-","-","-","-","-","-","-","-","-","-","-","-","-","-","-","-"
"1035850944796401665","https://twitter.com/salahhegazi96/status/1035850944796401665","@_Mhamza0 ğŸ˜¢","2018-09-01 11:24 +0000","48.0","0.0","0.0","0.0","0.0","0.0","0.0","0.0","0.0","0.0","0.0","0","0","0","0","0","0","0","-","-","-","-","-","-","-","-","-","-","-","-","-","-","-","-","-","-"
"1035845119709200385","https://twitter.com/salahhegazi96/status/1035845119709200385","@_Mhamza0 @sayedelmohamady Ù…Ù† ØºÙŠØ± Ù…Ø§ ØªØ­Ù„Ù Ù…ØµØ¯Ù‚ÙƒğŸ˜‚","2018-09-01 11:01 +0000","100.0","1.0","0.01","0.0","0.0","0.0","0.0","0.0","0.0","1.0","0.0","0","0","0","0","0","0","0","-","-","-","-","-","-","-","-","-","-","-","-","-","-","-","-","-","-"
"1035844695430184961","https://twitter.com/salahhegazi96/status/1035844695430184961","@sayedelmohamady @_Mhamza0 ğŸ˜‚ğŸ˜‚","2018-09-01 10:59 +0000","84.0","4.0","0.047619047619047616","0.0","1.0","0.0","0.0","0.0","0.0","3.0","0.0","0","0","0","0","0","0","0","-","-","-","-","-","-","-","-","-","-","-","-","-","-","-","-","-","-"
"1035840105670426624","https://twitter.com/salahhegazi96/status/1035840105670426624","@_Mhamza0 ğŸ˜¢","2018-09-01 10:41 +0000","79.0","1.0","0.012658227848101266","0.0","1.0","0.0","0.0","0.0","0.0","0.0","0.0","0","0","0","0","0","0","0","-","-","-","-","-","-","-","-","-","-","-","-","-","-","-","-","-","-"
"1035839441347260416","https://twitter.com/salahhegazi96/status/1035839441347260416","@_Mhamza0 ğŸ˜¢","2018-09-01 10:39 +0000","44.0","0.0","0.0","0.0","0.0","0.0","0.0","0.0","0.0","0.0","0.0","0","0","0","0","0","0","0","-","-","-","-","-","-","-","-","-","-","-","-","-","-","-","-","-","-"
"1035831668375019520","https://twitter.com/salahhegazi96/status/1035831668375019520","@_Mhamza0 @YomnaMo444 Ø§ÙØªÙƒØ± Ø¥Ù† ÙˆØ±Ù‚ØªÙƒ Ù„Ø³Ù‡ Ù…Ø®Ù„ØµØªØ´!","2018-09-01 10:08 +0000","212.0","7.0","0.0330188679245283","0.0","1.0","0.0","0.0","0.0","0.0","6.0","0.0","0","0","0","0","0","0","0","-","-","-","-","-","-","-","-","-","-","-","-","-","-","-","-","-","-"
"1035826029372301313","https://twitter.com/salahhegazi96/status/1035826029372301313","@mid_naeem Ø¨ÙŠØ¹Ù…Ù„ Ø­Ø§Ø¬Ø©.","2018-09-01 09:45 +0000","33.0","0.0","0.0","0.0","0.0","0.0","0.0","0.0","0.0","0.0","0.0","0","0","0","0","0","0","0","-","-","-","-","-","-","-","-","-","-","-","-","-","-","-","-","-","-"
"1035825073213632512","https://twitter.com/salahhegazi96/status/1035825073213632512","@mid_naeem @_Mhamza0 ğŸ¤”","2018-09-01 09:41 +0000","32.0","0.0","0.0","0.0","0.0","0.0","0.0","0.0","0.0","0.0","0.0","0","0","0","0","0","0","0","-","-","-","-","-","-","-","-","-","-","-","-","-","-","-","-","-","-"
"1035824910239768576","https://twitter.com/salahhegazi96/status/1035824910239768576","@_Mhamza0 Ø§Ù„Ø­Ù…Ø¯ Ù„Ù„Ù‡ Ø¥Ù†ÙŠ Ù…Ø¬ÙŠØªØ´ğŸ¤ ","2018-09-01 09:41 +0000","50.0","0.0","0.0","0.0","0.0","0.0","0.0","0.0","0.0","0.0","0.0","0","0","0","0","0","0","0","-","-","-","-","-","-","-","-","-","-","-","-","-","-","-","-","-","-"
"1035652273236574208","https://twitter.com/salahhegazi96/status/1035652273236574208","@_Mhamza0 Ø£Ù†Ø§ Ø¹Ø§ÙŠØ² Ø£Ø¹Ø±Ù Ø£ÙŠÙ‡ Ø§Ù„Ù„ÙŠ Ø¨ÙŠØ­ØµÙ„ Ø¨Ø§Ù„Ø¸Ø¨Ø·ØŸ Ø£ÙŠÙ‡ Ù…ØµØ¯Ø± Ø§Ù„Ø³Ø¹Ø§Ø¯Ø©ØŸ","2018-08-31 22:15 +0000","102.0","6.0","0.058823529411764705","0.0","2.0","0.0","0.0","0.0","0.0","4.0","0.0","0","0","0","0","0","0","0","-","-","-","-","-","-","-","-","-","-","-","-","-","-","-","-","-","-"
"1035641823304327168","https://twitter.com/salahhegazi96/status/1035641823304327168","@_Mhamza0 @sayedelmohamady ğŸ‘","2018-08-31 21:33 +0000","87.0","1.0","0.011494252873563218","0.0","0.0","0.0","0.0","0.0","0.0","1.0","0.0","0","0","0","0","0","0","0","-","-","-","-","-","-","-","-","-","-","-","-","-","-","-","-","-","-"
"1035639924706488322","https://twitter.com/salahhegazi96/status/1035639924706488322","@sayedelmohamady @_Mhamza0 ğŸ˜­","2018-08-31 21:26 +0000","85.0","7.0","0.08235294117647059","0.0","1.0","0.0","0.0","0.0","0.0","6.0","0.0","0","0","0","0","0","0","0","-","-","-","-","-","-","-","-","-","-","-","-","-","-","-","-","-","-"
"1035639066283450368","https://twitter.com/salahhegazi96/status/1035639066283450368","@_Mhamza0 ğŸ˜¢","2018-08-31 21:22 +0000","69.0","2.0","0.028985507246376812","0.0","1.0","0.0","0.0","0.0","0.0","1.0","0.0","0","0","0","0","0","0","0","-","-","-","-","-","-","-","-","-","-","-","-","-","-","-","-","-","-"
"1035624085768888325","https://twitter.com/salahhegazi96/status/1035624085768888325","Ù…ÙÙŠØ´ Ø·Ø±ÙŠÙ‚Ø© ØªØ®Ù„ÙŠÙ†ÙŠ Ø£Ù‚Ø¯Ø± Ø£Ù„Ø¨Ø³ Ø§Ù„Ø¨ÙØ±Ù†ÙŠØ·Ø© Ø¨ØªØ§Ø¹ØªÙŠ ÙˆÙÙŠ Ù†ÙØ³ Ø§Ù„ÙˆÙ‚Øª Ø£Ù„Ø¨Ø³ Ø§Ù„Ù‡ÙŠØ¯ ÙÙˆÙ†ØŸğŸ¤ ","2018-08-31 20:23 +0000","170.0","0.0","0.0","0.0","0.0","0.0","0.0","0.0","0.0","0.0","0.0","0","0","0","0","0","0","0","-","-","-","-","-","-","-","-","-","-","-","-","-","-","-","-","-","-"
"1034748958340521984","https://twitter.com/salahhegazi96/status/1034748958340521984","@m7md_7mza ğŸ˜¢","2018-08-29 10:25 +0000","85.0","1.0","0.011764705882352941","0.0","1.0","0.0","0.0","0.0","0.0","0.0","0.0","0","0","0","0","0","0","0","-","-","-","-","-","-","-","-","-","-","-","-","-","-","-","-","-","-"
"1034743675845312512","https://twitter.com/salahhegazi96/status/1034743675845312512","@m7md_7mza Ù‡Ø§ØŸ Ù„Ø³Ù‡ Ù‚Ù„Ù‚Ø§Ù†ØŸ","2018-08-29 10:04 +0000","101.0","1.0","0.009900990099009901","0.0","1.0","0.0","0.0","0.0","0.0","0.0","0.0","0","0","0","0","0","0","0","-","-","-","-","-","-","-","-","-","-","-","-","-","-","-","-","-","-"
"1034742058622312448","https://twitter.com/salahhegazi96/status/1034742058622312448","@m7md_7mza Ù…ÙŠÙ‚Ù„Ù‚Ø´.","2018-08-29 09:58 +0000","111.0","1.0","0.009009009009009009","0.0","1.0","0.0","0.0","0.0","0.0","0.0","0.0","0","0","0","0","0","0","0","-","-","-","-","-","-","-","-","-","-","-","-","-","-","-","-","-","-"
"1034566135335858176","https://twitter.com/salahhegazi96/status/1034566135335858176","@OsamaNasr___ ØªØµØ¨Ø­ Ø¹Ù„Ù‰ Ø®ÙŠØ±!","2018-08-28 22:19 +0000","188.0","1.0","0.005319148936170213","0.0","0.0","0.0","1.0","0.0","0.0","0.0","0.0","0","0","0","0","0","0","0","-","-","-","-","-","-","-","-","-","-","-","-","-","-","-","-","-","-"
"1034565617343451136","https://twitter.com/salahhegazi96/status/1034565617343451136","@OsamaNasr___ ÙŠØ¨.","2018-08-28 22:17 +0000","202.0","1.0","0.0049504950495049506","0.0","1.0","0.0","0.0","0.0","0.0","0.0","0.0","0","0","0","0","0","0","0","-","-","-","-","-","-","-","-","-","-","-","-","-","-","-","-","-","-"
"1034565229789818882","https://twitter.com/salahhegazi96/status/1034565229789818882","@OsamaNasr___ ÙŠØ§Ù„Ø§ ÙŠØ§Ø³Ø·Ù‰ Ù†Ù†Ø§Ù… ØºØ¯Ù‹Ø§ ÙŠÙˆÙ… Ø£ÙØ¶Ù„.","2018-08-28 22:15 +0000","209.0","1.0","0.004784688995215311","0.0","1.0","0.0","0.0","0.0","0.0","0.0","0.0","0","0","0","0","0","0","0","-","-","-","-","-","-","-","-","-","-","-","-","-","-","-","-","-","-"
"1034219188561145856","https://twitter.com/salahhegazi96/status/1034219188561145856","@OsamaNasr___ https://t.co/nGRDdq7b7z","2018-08-27 23:20 +0000","69.0","6.0","0.08695652173913043","0.0","0.0","1.0","0.0","0.0","0.0","0.0","0.0","0","0","0","0","0","5","5","-","-","-","-","-","-","-","-","-","-","-","-","-","-","-","-","-","-"
"1034187533490565121","https://twitter.com/salahhegazi96/status/1034187533490565121","Ù„Ø£ Ø¯Ø§ Ø¥Ø­Ù†Ø§ Ø¹Ø§ÙŠØ²ÙŠÙ† ÙØ§Ù† Ø®Ø§Ù„ ØªØ§Ù†ÙŠ Ø¨Ù‚Ù‰ ğŸ¤ ","2018-08-27 21:14 +0000","177.0","0.0","0.0","0.0","0.0","0.0","0.0","0.0","0.0","0.0","0.0","0","0","0","0","0","0","0","-","-","-","-","-","-","-","-","-","-","-","-","-","-","-","-","-","-"
"1034019757215895552","https://twitter.com/salahhegazi96/status/1034019757215895552","@_Mhamza0 Trust me bro! It isn't simple at all.","2018-08-27 10:08 +0000","58.0","7.0","0.1206896551724138","0.0","1.0","0.0","0.0","0.0","0.0","6.0","0.0","0","0","0","0","0","0","0","-","-","-","-","-","-","-","-","-","-","-","-","-","-","-","-","-","-"
"1033476403147231233","https://twitter.com/salahhegazi96/status/1033476403147231233","ÙƒØ§Ù† Ù…Ø§ØªØ´ ØµØ¹Ø¨ Ø£ÙˆÙŠ. ÙˆØ§Ù„Ù†Ø§Ø³ Ø§Ù„Ù„ÙŠ ÙƒØ§Ù†Øª Ø¨ØªÙ‚ÙˆÙ„ Ø§Ù„Ø£Ø®Ø·Ø§Ø¡ Ø§Ù„ØªØ­ÙƒÙ…ÙŠØ© Ø¬Ø²Ø¡ Ù…Ù† Ù…ØªØ¹Ø© ÙƒØ±Ø© Ø§Ù„Ù‚Ø¯Ù… ØªØ±ÙƒÙ† ÙÙŠ Ø¬Ù†Ø¨ Ø´ÙˆÙŠØ©.","2018-08-25 22:09 +0000","222.0","2.0","0.009009009009009009","0.0","0.0","2.0","0.0","0.0","0.0","0.0","0.0","0","0","0","0","0","0","0","-","-","-","-","-","-","-","-","-","-","-","-","-","-","-","-","-","-"
"1033476097445429248","https://twitter.com/salahhegazi96/status/1033476097445429248","Ù…Ø§ Ø£Ø¹Ø¸Ù… ØªÙ‚Ù†ÙŠØ© Ø§Ù„ÙØ§Ø±! Ø£Ø¹Ø¸Ù… Ø¨ØªÙ‚Ù†ÙŠØ© Ø§Ù„ÙØ§Ø±!","2018-08-25 22:07 +0000","440.0","6.0","0.013636363636363636","1.0","2.0","2.0","0.0","0.0","0.0","1.0","0.0","0","0","0","0","0","0","0","-","-","-","-","-","-","-","-","-","-","-","-","-","-","-","-","-","-"
"1033457445304197121","https://twitter.com/salahhegazi96/status/1033457445304197121","Ø¹ÙŠØ´Ù†Ø§ ÙˆØ´ÙˆÙÙ†Ø§ Ø¨Ø±Ø´Ù„ÙˆÙ†Ø© Ø¨ØªÙ„Ø¹Ø¨ Ø¹Ø±Ø¶ÙŠØ§Øª Ø¹Ø§Ù„ÙŠØ©ğŸ™ƒ","2018-08-25 20:53 +0000","220.0","2.0","0.00909090909090909","0.0","0.0","1.0","1.0","0.0","0.0","0.0","0.0","0","0","0","0","0","0","0","-","-","-","-","-","-","-","-","-","-","-","-","-","-","-","-","-","-"
"1033453592101969920","https://twitter.com/salahhegazi96/status/1033453592101969920","@_Mhamza0 ğŸ¤ ","2018-08-25 20:38 +0000","56.0","1.0","0.017857142857142856","0.0","0.0","0.0","0.0","0.0","0.0","1.0","0.0","0","0","0","0","0","0","0","-","-","-","-","-","-","-","-","-","-","-","-","-","-","-","-","-","-"
"1033453079012827137","https://twitter.com/salahhegazi96/status/1033453079012827137","@_Mhamza0 ğŸ¤ ","2018-08-25 20:36 +0000","50.0","2.0","0.04","0.0","1.0","0.0","0.0","0.0","0.0","1.0","0.0","0","0","0","0","0","0","0","-","-","-","-","-","-","-","-","-","-","-","-","-","-","-","-","-","-"
"1033377456936427521","https://twitter.com/salahhegazi96/status/1033377456936427521","@_Mhamza0 It's a shortcut bro.","2018-08-25 15:35 +0000","66.0","0.0","0.0","0.0","0.0","0.0","0.0","0.0","0.0","0.0","0.0","0","0","0","0","0","0","0","-","-","-","-","-","-","-","-","-","-","-","-","-","-","-","-","-","-"
"1033376259978481664","https://twitter.com/salahhegazi96/status/1033376259978481664","@m7md_7mza @mohamedhalawa0x Mr Hamza! Are you crying?
* wiping off his tears *
-No.","2018-08-25 15:31 +0000","192.0","3.0","0.015625","0.0","1.0","0.0","0.0","0.0","0.0","2.0","0.0","0","0","0","0","0","0","0","-","-","-","-","-","-","-","-","-","-","-","-","-","-","-","-","-","-"
"1033034085898305536","https://twitter.com/salahhegazi96/status/1033034085898305536","@m7md_7mza Ø´ÙƒØ±Ù‹Ø§ Ù„Ù„ÙØª Ø§Ù†ØªØ¨Ø§Ù‡ÙŠğŸ‘","2018-08-24 16:51 +0000","96.0","1.0","0.010416666666666666","0.0","0.0","0.0","0.0","0.0","0.0","1.0","0.0","0","0","0","0","0","0","0","-","-","-","-","-","-","-","-","-","-","-","-","-","-","-","-","-","-"
"1033033924614737925","https://twitter.com/salahhegazi96/status/1033033924614737925","Ø§Ù†Ø³ØªØ¬Ø±Ø§Ù…*","2018-08-24 16:50 +0000","194.0","3.0","0.015463917525773196","0.0","0.0","0.0","0.0","0.0","0.0","3.0","0.0","0","0","0","0","0","0","0","-","-","-","-","-","-","-","-","-","-","-","-","-","-","-","-","-","-"
"1033024145343299584","https://twitter.com/salahhegazi96/status/1033024145343299584","Ø¨ÙØªØ­ Ù‡Ø§Ù†Ø¬ÙˆØªØ³ Ù…Ø±Ø© ÙƒÙ„ Ø´Ù‡Ø± Ø¨Ù„Ø§Ù‚ÙŠ ØµÙˆØ± ÙƒØªÙŠØ± Ø¨Ø¹Ù…Ù„Ù‡Ø§ Ù„Ø§ÙŠÙƒ ÙˆØ£Ù‚ÙÙ„ ØªØ§Ù†ÙŠ.","2018-08-24 16:12 +0000","280.0","5.0","0.017857142857142856","0.0","2.0","1.0","0.0","0.0","0.0","2.0","0.0","0","0","0","0","0","0","0","-","-","-","-","-","-","-","-","-","-","-","-","-","-","-","-","-","-"
"1032986517516550145","https://twitter.com/salahhegazi96/status/1032986517516550145","@OsamaNasr___ ğŸ˜¢","2018-08-24 13:42 +0000","54.0","0.0","0.0","0.0","0.0","0.0","0.0","0.0","0.0","0.0","0.0","0","0","0","0","0","0","0","-","-","-","-","-","-","-","-","-","-","-","-","-","-","-","-","-","-"
"1032985132666445824","https://twitter.com/salahhegazi96/status/1032985132666445824","@OsamaNasr___ 
Ø£Ø±Ø¬Ùˆ Ø§Ù„Ø±Ø¯ Ø¹Ù„Ù‰ Ù‡Ø§Ù†Ø¬ÙˆØªØ³!","2018-08-24 13:37 +0000","73.0","5.0","0.0684931506849315","0.0","1.0","0.0","2.0","0.0","0.0","2.0","0.0","0","0","0","0","0","0","0","-","-","-","-","-","-","-","-","-","-","-","-","-","-","-","-","-","-"
"1032984693468225536","https://twitter.com/salahhegazi96/status/1032984693468225536","@_Mhamza0 @OsamaNasr___ ğŸ¤ ğŸ¤ ğŸ¤ ","2018-08-24 13:35 +0000","67.0","2.0","0.029850746268656716","0.0","0.0","0.0","0.0","0.0","0.0","2.0","0.0","0","0","0","0","0","0","0","-","-","-","-","-","-","-","-","-","-","-","-","-","-","-","-","-","-"
"1032971281480773633","https://twitter.com/salahhegazi96/status/1032971281480773633","@sayedelmohamady @_Mhamza0 @m7md_7mza ğŸ˜¢","2018-08-24 12:41 +0000","158.0","1.0","0.006329113924050633","0.0","0.0","0.0","0.0","0.0","0.0","1.0","0.0","0","0","0","0","0","0","0","-","-","-","-","-","-","-","-","-","-","-","-","-","-","-","-","-","-"
"1032970370142351360","https://twitter.com/salahhegazi96/status/1032970370142351360","@OsamaNasr___ ğŸ¤ ","2018-08-24 12:38 +0000","41.0","0.0","0.0","0.0","0.0","0.0","0.0","0.0","0.0","0.0","0.0","0","0","0","0","0","0","0","-","-","-","-","-","-","-","-","-","-","-","-","-","-","-","-","-","-"
"1032968989075558405","https://twitter.com/salahhegazi96/status/1032968989075558405","@OsamaNasr___ @YomnaMo444 ğŸ¤ ","2018-08-24 12:32 +0000","80.0","0.0","0.0","0.0","0.0","0.0","0.0","0.0","0.0","0.0","0.0","0","0","0","0","0","0","0","-","-","-","-","-","-","-","-","-","-","-","-","-","-","-","-","-","-"
"1032963114759806977","https://twitter.com/salahhegazi96/status/1032963114759806977","@_Mhamza0 @m7md_7mza ÙŠØ§Ø³Ø·Ù‰ Ø¹ÙŠØ¨ Ø¹Ù„ÙŠÙƒ Ø§Ø´ØªØ±ÙŠÙ†Ø§Ù‡Ø§ Ù…Ù† Ø¨Ø±Ù‡ğŸ¤ ","2018-08-24 12:09 +0000","182.0","5.0","0.027472527472527472","0.0","1.0","0.0","0.0","0.0","0.0","4.0","0.0","0","0","0","0","0","0","0","-","-","-","-","-","-","-","-","-","-","-","-","-","-","-","-","-","-"
"1032954603971796994","https://twitter.com/salahhegazi96/status/1032954603971796994","@OsamaNasr___ :. Ø£Ø³Ø§Ù…Ø© = Ù…ØµØ± #","2018-08-24 11:35 +0000","64.0","1.0","0.015625","0.0","1.0","0.0","0.0","0.0","0.0","0.0","0.0","0","0","0","0","0","0","0","-","-","-","-","-","-","-","-","-","-","-","-","-","-","-","-","-","-"
"1032954193366183937","https://twitter.com/salahhegazi96/status/1032954193366183937","@m7md_7mza @_Mhamza0 ÙÙŠÙ‡Ø§ Ø¥Ø¹ÙØ§ ÙˆØ³ÙØ± Ù„ÙƒÙ†Ø¯Ø§.","2018-08-24 11:34 +0000","208.0","3.0","0.014423076923076924","0.0","1.0","0.0","2.0","0.0","0.0","0.0","0.0","0","0","0","0","0","0","0","-","-","-","-","-","-","-","-","-","-","-","-","-","-","-","-","-","-"
"1032953063001214977","https://twitter.com/salahhegazi96/status/1032953063001214977","@m7md_7mza ÙˆØ£Ù†Ø§ Ù…Ø¹Ø§Ùƒ Ø¨Ù†Ø³Ù‰ Ø¥Ù†ÙŠ Ø¨Ø­Ø¨ Ø§Ù„Ø¥Ø³Ø¨Ø±Ø³Ùˆ ÙˆØ¨Ø´Ø±Ø¨ Ø¨Ù„Ø§Ùƒ ÙƒÙˆÙÙŠ ÙˆÙƒØ¯Ø©.","2018-08-24 11:29 +0000","232.0","2.0","0.008620689655172414","0.0","1.0","0.0","0.0","0.0","0.0","1.0","0.0","0","0","0","0","0","0","0","-","-","-","-","-","-","-","-","-","-","-","-","-","-","-","-","-","-"
"1032952074919661569","https://twitter.com/salahhegazi96/status/1032952074919661569","@OsamaNasr___ @YomnaMo444 ğŸ˜¢","2018-08-24 11:25 +0000","46.0","0.0","0.0","0.0","0.0","0.0","0.0","0.0","0.0","0.0","0.0","0","0","0","0","0","0","0","-","-","-","-","-","-","-","-","-","-","-","-","-","-","-","-","-","-"
"1032952010579095552","https://twitter.com/salahhegazi96/status/1032952010579095552","@YomnaMo444 Ø¹Ø§ÙŠØ² Ø£Ù‚ÙˆÙ„Ùƒ Ø¥Ù†Ù†Ø§ ÙƒÙ†Ø§ Ù…Ø³ØªÙ†ÙŠÙ†Ù‡ ÙÙŠ Ø§Ù„Ù…Ù†ØµÙˆØ±Ø©. ÙØ¨Ù‚ÙˆÙ„ Ù„Ø³ÙŠØ¯ Ø§ØªØµÙ„ Ø¹Ù„Ù‰ Ø£Ø³Ø§Ù…Ø© Ø´ÙˆÙÙ‡ ÙÙŠÙ†ØŸ Ø±Ø§Ø­ Ù‚Ø§Ù„ÙŠ Ù‡Ùˆ ÙÙŠ Ø§Ù„Ø¹Ø±Ø¨ÙŠØ© Ø¯Ù„ÙˆÙ‚ØªÙŠØŒ Ù‚ÙˆÙ„ØªÙ„Ù‡ Ø¹Ø±ÙØª Ø¥Ø²Ø§ÙŠØŸ Ù‚Ø§Ù„ÙŠ Ù„Ø³Ù‡ Ø±Ø§ÙØ¹ Ø¥Ø³ØªØ§ØªØ³ğŸ˜‚","2018-08-24 11:25 +0000","159.0","4.0","0.025157232704402517","0.0","2.0","0.0","0.0","0.0","0.0","2.0","0.0","0","0","0","0","0","0","0","-","-","-","-","-","-","-","-","-","-","-","-","-","-","-","-","-","-"
"1032562551857577984","https://twitter.com/salahhegazi96/status/1032562551857577984","@YomnaMo444 Ù…ØªØ¹Ø±ÙÙŠØ´ Ø£Ù†Ø§ Ù‡Ø¹Ø§Ù†ÙŠ Ù…Ø¹Ø§Ù‡ Ø£Ø¯ Ø£ÙŠÙ‡. Ø±Ø¨Ù†Ø§ ÙŠØ³ØªØ±ğŸ˜‚","2018-08-23 09:37 +0000","205.0","7.0","0.03414634146341464","0.0","2.0","0.0","3.0","0.0","0.0","2.0","0.0","0","0","0","0","0","0","0","-","-","-","-","-","-","-","-","-","-","-","-","-","-","-","-","-","-"
"1032322965860438017","https://twitter.com/salahhegazi96/status/1032322965860438017","@_Mhamza0 I am the one who knock.","2018-08-22 17:45 +0000","113.0","2.0","0.017699115044247787","0.0","0.0","1.0","0.0","0.0","0.0","1.0","0.0","0","0","0","0","0","0","0","-","-","-","-","-","-","-","-","-","-","-","-","-","-","-","-","-","-"
"1032316063286013953","https://twitter.com/salahhegazi96/status/1032316063286013953","@_Mhamza0 Ù‚Ø¶ÙŠ Ø§Ù„Ø£Ù…Ø± ÙŠØ§ Ø­Ø¶Ø±Ø© Ø§Ù„Ù…Ø¯ÙŠØ±. ÙˆØ£Ø¹Ù„Ù‰ Ù…Ø§ Ø¨Ø®ÙŠÙ„Ùƒ Ø£Ø±ÙƒØ¨Ù‡.","2018-08-22 17:18 +0000","98.0","7.0","0.07142857142857142","0.0","1.0","1.0","0.0","0.0","0.0","5.0","0.0","0","0","0","0","0","0","0","-","-","-","-","-","-","-","-","-","-","-","-","-","-","-","-","-","-"
"1032287572658192390","https://twitter.com/salahhegazi96/status/1032287572658192390","ğŸ˜¢ https://t.co/nVZYmDtnJP","2018-08-22 15:25 +0000","247.0","1.0","0.004048582995951417","0.0","0.0","0.0","0.0","0.0","0.0","1.0","0.0","0","0","0","0","0","0","0","-","-","-","-","-","-","-","-","-","-","-","-","-","-","-","-","-","-"
"1032063450858643456","https://twitter.com/salahhegazi96/status/1032063450858643456","@OsamaNasr___ Ù…Ø¨Ø±ÙˆÙƒ Ø§Ù„Ù…ÙˆØ¨Ø§ÙŠÙ„ ÙŠØ§ Ø¨Ø´Ù…Ù‡Ù†Ø¯Ø³ Ø§Ø³Ø§Ù…Ø©!","2018-08-22 00:34 +0000","58.0","2.0","0.034482758620689655","0.0","1.0","0.0","1.0","0.0","0.0","0.0","0.0","0","0","0","0","0","0","0","-","-","-","-","-","-","-","-","-","-","-","-","-","-","-","-","-","-"
"1032012308883628032","https://twitter.com/salahhegazi96/status/1032012308883628032","@m7md_7mza 
Ø£Ø±Ø¬Ùˆ Ø§Ù„Ø±Ø¯ Ø¹Ù„Ù‰ Ù‡Ø§Ù†Ø¬ÙˆØªØ³!","2018-08-21 21:11 +0000","116.0","1.0","0.008620689655172414","0.0","1.0","0.0","0.0","0.0","0.0","0.0","0.0","0","0","0","0","0","0","0","-","-","-","-","-","-","-","-","-","-","-","-","-","-","-","-","-","-"
"1031905055006511104","https://twitter.com/salahhegazi96/status/1031905055006511104","To whom may be interested: https://t.co/mIrWZhSi3F","2018-08-21 14:05 +0000","229.0","4.0","0.017467248908296942","0.0","0.0","0.0","0.0","4.0","0.0","0.0","0.0","0","0","0","0","0","0","0","-","-","-","-","-","-","-","-","-","-","-","-","-","-","-","-","-","-"
"1031904641364049922","https://twitter.com/salahhegazi96/status/1031904641364049922","Such a perfect match! https://t.co/3r89Z9kzww","2018-08-21 14:03 +0000","258.0","8.0","0.031007751937984496","0.0","1.0","0.0","1.0","0.0","0.0","0.0","0.0","0","0","0","0","0","6","6","-","-","-","-","-","-","-","-","-","-","-","-","-","-","-","-","-","-"
"1031636283997728768","https://twitter.com/salahhegazi96/status/1031636283997728768","To whom may be interested: https://t.co/hqiVlPZBPT","2018-08-20 20:17 +0000","212.0","0.0","0.0","0.0","0.0","0.0","0.0","0.0","0.0","0.0","0.0","0","0","0","0","0","0","0","-","-","-","-","-","-","-","-","-","-","-","-","-","-","-","-","-","-"
"1031635811576569857","https://twitter.com/salahhegazi96/status/1031635811576569857","It's a draw with a taste of victory against a professional chess player. https://t.co/Ru92EzakVi","2018-08-20 20:15 +0000","253.0","9.0","0.03557312252964427","0.0","1.0","0.0","0.0","0.0","0.0","0.0","0.0","0","0","0","0","0","8","8","-","-","-","-","-","-","-","-","-","-","-","-","-","-","-","-","-","-"
"1031632777748336640","https://twitter.com/salahhegazi96/status/1031632777748336640","@mid_naeem ÙÙŠÙ† Ø§Ù„ÙˆØ·Ù†ÙŠØ© ÙŠØ§ Ø¨Ø´Ù…Ù‡Ù†Ø¯Ø³!","2018-08-20 20:03 +0000","54.0","0.0","0.0","0.0","0.0","0.0","0.0","0.0","0.0","0.0","0.0","0","0","0","0","0","0","0","-","-","-","-","-","-","-","-","-","-","-","-","-","-","-","-","-","-"
"1031138068055699457","https://twitter.com/salahhegazi96/status/1031138068055699457","@m7md_7mza Ù…ÙˆÙ‚Ù Ø£ÙŠÙ‡ØŸ","2018-08-19 11:17 +0000","121.0","1.0","0.008264462809917356","0.0","0.0","0.0","0.0","0.0","0.0","1.0","0.0","0","0","0","0","0","0","0","-","-","-","-","-","-","-","-","-","-","-","-","-","-","-","-","-","-"
"1031132833958567936","https://twitter.com/salahhegazi96/status/1031132833958567936","@m7md_7mza (Ø­Ø³Ø§Ù†+ Ø­Ù…Ø²Ø© + Ø­Ù…Ø²Ø© + Ø³ÙŠØ¯) * Ø¸Ø§Ø¨Ø· = Ø¬ÙŠØ´ Ù…ØµØ±ÙŠ Ù‚ÙˆÙŠ#","2018-08-19 10:56 +0000","143.0","3.0","0.02097902097902098","0.0","2.0","0.0","0.0","0.0","0.0","1.0","0.0","0","0","0","0","0","0","0","-","-","-","-","-","-","-","-","-","-","-","-","-","-","-","-","-","-"
"1031131267218268161","https://twitter.com/salahhegazi96/status/1031131267218268161","@m7md_7mza ÙŠØ§ Ø±Ø¨ Ù‡Ø§Øª Ø§Ù„Ø¹ÙˆØ§Ù‚Ø¨ Ø³Ù„ÙŠÙ…Ø©. ØªØ®ÙŠÙ„ Ø®Ø³Ø§Ø±Ø© Ø§Ù„Ø¬ÙŠØ´ Ø§Ù„Ù…ØµØ±ÙŠ Ù„Ùˆ Ø­Ø³Ø§Ù† Ù…Ø¯Ø®Ù„Ø´ Ø¸Ø§Ø¨Ø·.","2018-08-19 10:50 +0000","132.0","3.0","0.022727272727272728","0.0","1.0","0.0","0.0","0.0","0.0","2.0","0.0","0","0","0","0","0","0","0","-","-","-","-","-","-","-","-","-","-","-","-","-","-","-","-","-","-"
"1030931944228487168","https://twitter.com/salahhegazi96/status/1030931944228487168","Ù„ÙŠÙˆ Ù„ÙŠÙˆ Ù„ÙŠÙˆ","2018-08-18 21:38 +0000","234.0","1.0","0.004273504273504274","0.0","0.0","1.0","0.0","0.0","0.0","0.0","0.0","0","0","0","0","0","0","0","-","-","-","-","-","-","-","-","-","-","-","-","-","-","-","-","-","-"
"1030757295419023360","https://twitter.com/salahhegazi96/status/1030757295419023360","@sayedelmohamady @_Mhamza0 ğŸ˜‚ğŸ˜‚ğŸ˜‚ğŸ˜‚","2018-08-18 10:04 +0000","88.0","2.0","0.022727272727272728","0.0","0.0","0.0","0.0","0.0","0.0","2.0","0.0","0","0","0","0","0","0","0","-","-","-","-","-","-","-","-","-","-","-","-","-","-","-","-","-","-"
"1030527368471953408","https://twitter.com/salahhegazi96/status/1030527368471953408","@_Mhamza0 @m7md_7mza Ø£ÙŠ ÙˆÙŠÙ„ Ø¯Ùˆ Ù…Ø§ÙŠ Ø¨ÙŠØ³Øª.","2018-08-17 18:50 +0000","112.0","0.0","0.0","0.0","0.0","0.0","0.0","0.0","0.0","0.0","0.0","0","0","0","0","0","0","0","-","-","-","-","-","-","-","-","-","-","-","-","-","-","-","-","-","-"
"1030525880232280064","https://twitter.com/salahhegazi96/status/1030525880232280064","@_Mhamza0 @m7md_7mza Ø¯Ø§ Ù‡ÙŠØ¨Ù‚Ù‰ ÙŠØ§ Ù„Ù‡ Ù…Ù† Ø¨ÙˆØ±ØªÙÙŠÙ„ÙŠÙˆ!ğŸ˜‚","2018-08-17 18:44 +0000","85.0","3.0","0.03529411764705882","0.0","1.0","0.0","0.0","0.0","0.0","2.0","0.0","0","0","0","0","0","0","0","-","-","-","-","-","-","-","-","-","-","-","-","-","-","-","-","-","-"
"1030524976154247168","https://twitter.com/salahhegazi96/status/1030524976154247168","@_Mhamza0 @m7md_7mza ÙˆÙ‡Ù†Ø³ØªØ®Ø¯Ù… Ø§Ù„Ø¯ÙŠØ¨ Ù„ÙŠØ±Ù†ÙŠÙ†Ø¬ Ø¹Ù„Ø´Ø§Ù† Ù†Ø·Ù„Ø¹ Ø§Ù„Ø¯ÙŠØ¨ ÙÙŠØªØ´Ø±(ÙˆØ¯ÙŠ Ù…Ø¨ØªØ·Ù„Ø¹Ø´ Ø¨Ø³Ù‡ÙˆÙ„Ø©). ÙŠØ§Ø³Ø·Ù‰ Ø£Ù†Ø§ Ù…Ø°Ø§ÙƒØ± Ù†Ø¸Ø±ÙŠ ÙˆØ¹Ø§ÙŠØ² Ø­Ø¯ ÙŠØ´ØºÙ„Ù†ÙŠ ÙˆÙŠØ®Ù„ÙŠÙ†ÙŠ Ø£Ø·Ø¨Ù‚ Ø¹Ù…Ù„ÙŠğŸ˜‚","2018-08-17 18:41 +0000","182.0","2.0","0.01098901098901099","0.0","1.0","0.0","0.0","0.0","0.0","1.0","0.0","0","0","0","0","0","0","0","-","-","-","-","-","-","-","-","-","-","-","-","-","-","-","-","-","-"
"1030524540147965952","https://twitter.com/salahhegazi96/status/1030524540147965952","@_Mhamza0 @m7md_7mza @mohamedhalawa0x ÙˆØ§Ù„Ù†Ø¨ÙŠ ØªÙƒØªØ± Ø§Ù„Ø¯Ø§ØªØ§ ÙŠØ§ Ø­Ù„Ø§ÙˆØ© ÙŠØ§ Ø£Ø®ÙˆÙŠØ§ Ù…Ø±Ø§Ø¹Ø§Ø© Ù„Ù„Ø£ÙƒÙŠÙˆØ±Ø³ÙŠ Ø¨ØªØ§Ø¹Øª Ø§Ù„Ù…ÙˆØ¯ÙŠÙ„ ÙŠØ¹Ù†ÙŠğŸ¤  https://t.co/K2WPOUp06e","2018-08-17 18:39 +0000","160.0","9.0","0.05625","0.0","1.0","0.0","0.0","0.0","0.0","3.0","0.0","0","0","0","0","0","5","5","-","-","-","-","-","-","-","-","-","-","-","-","-","-","-","-","-","-"
"1030523341763956737","https://twitter.com/salahhegazi96/status/1030523341763956737","@_Mhamza0 @m7md_7mza Ø®ÙˆØ´ Ø¹Ù„ÙŠØ§ Ø¨Ø§Ù„Ø¯ÙŠØ¨ Ù„ÙŠØ±Ù†ÙŠÙ†Ø¬ğŸ˜‚","2018-08-17 18:34 +0000","89.0","2.0","0.02247191011235955","0.0","1.0","0.0","0.0","0.0","0.0","1.0","0.0","0","0","0","0","0","0","0","-","-","-","-","-","-","-","-","-","-","-","-","-","-","-","-","-","-"
"1030523198251642880","https://twitter.com/salahhegazi96/status/1030523198251642880","@_Mhamza0 @m7md_7mza ÙƒØ§Ù…ÙŠØ±Ø§Øª Ù…Ø±Ø§Ù‚Ø¨Ø© Ø§Ù„Ù…ÙƒØ§Ù†. ÙˆØ£Ø­Ù„Ù‰ ÙƒÙ…Ø¨ÙŠÙˆØªØ± ÙÙŠØ¬Ø§Ù†ğŸ˜‚","2018-08-17 18:34 +0000","86.0","1.0","0.011627906976744186","0.0","0.0","0.0","0.0","0.0","0.0","1.0","0.0","0","0","0","0","0","0","0","-","-","-","-","-","-","-","-","-","-","-","-","-","-","-","-","-","-"
"1030522711276244993","https://twitter.com/salahhegazi96/status/1030522711276244993","@_Mhamza0 @m7md_7mza Ù…Ø­ØªØ§Ø¬ ÙƒÙ„Ø§Ø³ÙŠÙØ§ÙŠØ±ØŸ","2018-08-17 18:32 +0000","103.0","3.0","0.02912621359223301","0.0","1.0","0.0","0.0","0.0","0.0","2.0","0.0","0","0","0","0","0","0","0","-","-","-","-","-","-","-","-","-","-","-","-","-","-","-","-","-","-"
"1030456880248901632","https://twitter.com/salahhegazi96/status/1030456880248901632","@_Mhamza0 Ø¨ÙŠÙ„ÙŠÙ Ù…ÙŠ Ø£Ù†Øª Ù…Ø´ Ù‡ØªØ¹Ø¨Ø± ÙŠØ§Ø³Ø·Ù‰â¤ï¸","2018-08-17 14:10 +0000","66.0","1.0","0.015151515151515152","0.0","0.0","0.0","1.0","0.0","0.0","0.0","0.0","0","0","0","0","0","0","0","-","-","-","-","-","-","-","-","-","-","-","-","-","-","-","-","-","-"
"1030456506561568768","https://twitter.com/salahhegazi96/status/1030456506561568768","@_Mhamza0 Ø£Ù†Øª Ø§Ù„Ù„ÙŠ Ø·Ø§Ø¨Ø® Ø§Ù„Ù†Ù‡Ø§Ø±Ø¯Ù‡ ÙˆÙ„Ø§ Ø£ÙŠÙ‡ ÙŠØ§Ø³Ø·Ù‰ØŸ","2018-08-17 14:09 +0000","60.0","4.0","0.06666666666666667","0.0","1.0","0.0","1.0","0.0","0.0","2.0","0.0","0","0","0","0","0","0","0","-","-","-","-","-","-","-","-","-","-","-","-","-","-","-","-","-","-"
"1029485680123146241","https://twitter.com/salahhegazi96/status/1029485680123146241","â¤ï¸ https://t.co/hLhkMhX0Mv","2018-08-14 21:51 +0000","343.0","2.0","0.0058309037900874635","1.0","0.0","1.0","0.0","0.0","0.0","0.0","0.0","0","0","0","0","0","0","0","-","-","-","-","-","-","-","-","-","-","-","-","-","-","-","-","-","-"
"1028760467798478848","https://twitter.com/salahhegazi96/status/1028760467798478848","@OsamaNasr___ @mid_naeem Ø±Ø¨Ù†Ø§ ÙŠØ¹ÙŠÙ†Ùƒ ÙŠØ§Ø³Ø·Ù‰ğŸ¤ ","2018-08-12 21:49 +0000","68.0","1.0","0.014705882352941176","0.0","1.0","0.0","0.0","0.0","0.0","0.0","0.0","0","0","0","0","0","0","0","-","-","-","-","-","-","-","-","-","-","-","-","-","-","-","-","-","-"
"1028759120147562496","https://twitter.com/salahhegazi96/status/1028759120147562496","@OsamaNasr___ @mid_naeem Ù‡ÙˆØ§ÙŠØ© ØºÙ„ÙŠ Ø§Ù„Ù„Ø¨Ù† Ø¯ÙŠ Ø¹Ù†Ø¯Ùƒ Ù…Ù† Ø£Ù…ØªÙ‰ØŸ","2018-08-12 21:44 +0000","49.0","1.0","0.02040816326530612","0.0","1.0","0.0","0.0","0.0","0.0","0.0","0.0","0","0","0","0","0","0","0","-","-","-","-","-","-","-","-","-","-","-","-","-","-","-","-","-","-"
"1028758536271147014","https://twitter.com/salahhegazi96/status/1028758536271147014","Ù„ÙˆÙŠØ³ Ø³ÙˆØ§Ø±ÙŠØ² Ù„Ø§Ø²Ù… ÙŠØ¨Ù‚Ù‰ ÙƒØ¯Ù‡ ÙÙŠ Ø£ÙˆÙ„ ÙƒÙ„ Ù…ÙˆØ³Ù….","2018-08-12 21:42 +0000","168.0","0.0","0.0","0.0","0.0","0.0","0.0","0.0","0.0","0.0","0.0","0","0","0","0","0","0","0","-","-","-","-","-","-","-","-","-","-","-","-","-","-","-","-","-","-"
"1028758154895605761","https://twitter.com/salahhegazi96/status/1028758154895605761","@mid_naeem Ù‡Ùˆ ÙƒØ§ØªØ¨ Ù„Ø¨Ù† ğŸ˜‚
Ø¨Ø³ ÙØ¹Ù„Ø§ Ù…Ù…ÙƒÙ† ÙŠÙƒÙˆÙ† Ù‚ØµØ¯Ù‡ Ø¨Ù†ğŸ˜‚","2018-08-12 21:40 +0000","83.0","3.0","0.03614457831325301","0.0","1.0","1.0","0.0","0.0","0.0","1.0","0.0","0","0","0","0","0","0","0","-","-","-","-","-","-","-","-","-","-","-","-","-","-","-","-","-","-"
"1028757252599992320","https://twitter.com/salahhegazi96/status/1028757252599992320","@mohamedhalawa0x @sayedelmohamady","2018-08-12 21:36 +0000","67.0","0.0","0.0","0.0","0.0","0.0","0.0","0.0","0.0","0.0","0.0","0","0","0","0","0","0","0","-","-","-","-","-","-","-","-","-","-","-","-","-","-","-","-","-","-"
"1028756690253041664","https://twitter.com/salahhegazi96/status/1028756690253041664","@mid_naeem Ù†ÙØ³ÙŠ Ø£ÙÙ‡Ù… Ø£Ù†ØªÙ… Ù…Ø§Ù„ÙƒÙˆØ§ ÙˆÙ…Ø§Ù„ ØºÙ„ÙŠ Ø§Ù„Ù„Ø¨Ù†!","2018-08-12 21:34 +0000","87.0","1.0","0.011494252873563218","0.0","1.0","0.0","0.0","0.0","0.0","0.0","0.0","0","0","0","0","0","0","0","-","-","-","-","-","-","-","-","-","-","-","-","-","-","-","-","-","-"
"1028740718674800640","https://twitter.com/salahhegazi96/status/1028740718674800640","Ø£Ù†Ø§ ÙØ¶Ù„Øª Ø£Ù‚ÙˆÙ„ Ø§Ù„ØµÙˆØª Ø¯Ù‡ Ø¬Ø§ÙŠ Ù…Ù†ÙŠÙ†ØŒ Ù„Ø­Ø¯ Ù…Ø§ Ø£ÙØªÙƒØ±Øª Ø¥Ù† Ø§Ù„Ù…Ø§ØªØ´ ÙÙŠ Ø§Ù„Ù…ØºØ±Ø¨.","2018-08-12 20:31 +0000","170.0","0.0","0.0","0.0","0.0","0.0","0.0","0.0","0.0","0.0","0.0","0","0","0","0","0","0","0","-","-","-","-","-","-","-","-","-","-","-","-","-","-","-","-","-","-"
"1028740466496417792","https://twitter.com/salahhegazi96/status/1028740466496417792","Ø­Ø¯ Ø³Ø§Ù…Ø¹ ØµÙˆØª Ø£Ø°Ø§Ù† Ø§Ù„Ø¹Ø´Ø§ ÙÙŠ Ù…Ø§ØªØ´ Ø¨Ø±Ø´Ù„ÙˆÙ†Ø© ÙˆØ¥Ø´Ø¨ÙŠÙ„ÙŠØ©ØŸ Ù‡Ùˆ Ø§Ù„Ù…Ø§ØªØ´ Ø£ØµÙ„Ø§ Ø¨ÙŠØªÙ„Ø¹Ø¨ ÙÙŠ Ø§Ù„Ù…ØºØ±Ø¨ ÙˆØ¯Ù‡ ÙˆÙ‚Øª Ø£Ø°Ø§Ù† Ø§Ù„Ø¹Ø´Ø§ Ù‡Ù†Ø§Ùƒ.","2018-08-12 20:30 +0000","423.0","2.0","0.004728132387706856","0.0","1.0","0.0","1.0","0.0","0.0","0.0","0.0","0","0","0","0","0","0","0","-","-","-","-","-","-","-","-","-","-","-","-","-","-","-","-","-","-"
